Date;Price
06/01/2025;77149
03/01/2025;76813
02/01/2025;76849
01/01/2025;76214
31/12/2024;76232
30/12/2024;75517
27/12/2024;75783
26/12/2024;76114
24/12/2024;75562
23/12/2024;75506
20/12/2024;75786
19/12/2024;75191
18/12/2024;76115
17/12/2024;76314
16/12/2024;76486
13/12/2024;76592
12/12/2024;77400
11/12/2024;78287
10/12/2024;77745
09/12/2024;76999
06/12/2024;76185
05/12/2024;76353
04/12/2024;76036
03/12/2024;75934
02/12/2024;75815
29/11/2024;76485
28/11/2024;75761
27/11/2024;75788
26/11/2024;75293
25/11/2024;75377
22/11/2024;77579
21/11/2024;76689
20/11/2024;76008
19/11/2024;75555
18/11/2024;75039
15/11/2024;73965
14/11/2024;74151
13/11/2024;74514
12/11/2024;74918
11/11/2024;75382
08/11/2024;77248
07/11/2024;77386
06/11/2024;76689
05/11/2024;78490
04/11/2024;78401
01/11/2024;78829
31/10/2024;78326
30/10/2024;79257
29/10/2024;78865
28/10/2024;78159
25/10/2024;78009
24/10/2024;77872
23/10/2024;77482
22/10/2024;78241
21/10/2024;77508
18/10/2024;77159
17/10/2024;76540
16/10/2024;76163
15/10/2024;75838
14/10/2024;75553
11/10/2024;75738
10/10/2024;74834
09/10/2024;74512
08/10/2024;74799
07/10/2024;75657
04/10/2024;75759
03/10/2024;75827
01/10/2024;75660
30/09/2024;74844
27/09/2024;74878
26/09/2024;75339
25/09/2024;75167
24/09/2024;74886
23/09/2024;74183
20/09/2024;73977
19/09/2024;73357
18/09/2024;73029
17/09/2024;73022
16/09/2024;73422
13/09/2024;73367
12/09/2024;72681
11/09/2024;71878
10/09/2024;71821
09/09/2024;71573
06/09/2024;71409
05/09/2024;71890
04/09/2024;71053
03/09/2024;70807
02/09/2024;71233
30/08/2024;71195
29/08/2024;71666
28/08/2024;71328
27/08/2024;71551
26/08/2024;71500
23/08/2024;71295
22/08/2024;70796
21/08/2024;71407
20/08/2024;71340
19/08/2024;71138
16/08/2024;70938
14/08/2024;69874
13/08/2024;70356
12/08/2024;70354
09/08/2024;69604
08/08/2024;69396
07/08/2024;68752
06/08/2024;68742
05/08/2024;68641
02/08/2024;69381
01/08/2024;69412
31/07/2024;69083
30/07/2024;68617
29/07/2024;68206
26/07/2024;68173
25/07/2024;67491
24/07/2024;69028
23/07/2024;68648
22/07/2024;72641
19/07/2024;72872
18/07/2024;73965
17/07/2024;73924
16/07/2024;74025
15/07/2024;73311
12/07/2024;73159
11/07/2024;73205
10/07/2024;72629
09/07/2024;72385
08/07/2024;72332
05/07/2024;73255
04/07/2024;72151
03/07/2024;72160
02/07/2024;71357
01/07/2024;71329
28/06/2024;71275
27/06/2024;71303
26/06/2024;70919
25/06/2024;71201
24/06/2024;71512
21/06/2024;71429
20/06/2024;72258
19/06/2024;71519
18/06/2024;71503
17/06/2024;71285
14/06/2024;71691
13/06/2024;71030
12/06/2024;71796
11/06/2024;71346
10/06/2024;71303
07/06/2024;71308
06/06/2024;72963
05/06/2024;72485
04/06/2024;71782
03/06/2024;71818
31/05/2024;71703
30/05/2024;71852
29/05/2024;71993
28/05/2024;72145
27/05/2024;72001
24/05/2024;71380
23/05/2024;71632
22/05/2024;73027
21/05/2024;73970
20/05/2024;74283
17/05/2024;73593
16/05/2024;72896
15/05/2024;73001
14/05/2024;72213
13/05/2024;71819
10/05/2024;72595
09/05/2024;71586
08/05/2024;71129
07/05/2024;71136
06/05/2024;71321
03/05/2024;70998
02/05/2024;71119
01/05/2024;71274
30/04/2024;70969
29/04/2024;72250
26/04/2024;72107
25/04/2024;71725
24/04/2024;71692
23/04/2024;71590
22/04/2024;71936
19/04/2024;73246
18/04/2024;73016
17/04/2024;72695
16/04/2024;73109
15/04/2024;72329
12/04/2024;71857
11/04/2024;71514
10/04/2024;71127
09/04/2024;71130
08/04/2024;70607
05/04/2024;70701
04/04/2024;69612
03/04/2024;69725
02/04/2024;68802
01/04/2024;68263
28/03/2024;67592
27/03/2024;66295
26/03/2024;66027
25/03/2024;65862
22/03/2024;65686
21/03/2024;65939
20/03/2024;65556
19/03/2024;65431
18/03/2024;65429
15/03/2024;65367
14/03/2024;65435
13/03/2024;65717
12/03/2024;65334
11/03/2024;65872
08/03/2024;65847
07/03/2024;65246
06/03/2024;65042
05/03/2024;64193
04/03/2024;63605
01/03/2024;63135
29/02/2024;62293
28/02/2024;61792
27/02/2024;61839
26/02/2024;61766
23/02/2024;61910
22/02/2024;61661
21/02/2024;61744
20/02/2024;61810
19/02/2024;61641
16/02/2024;61498
15/02/2024;61306
14/02/2024;61170
13/02/2024;61267
12/02/2024;61856
09/02/2024;62105
08/02/2024;62219
07/02/2024;62305
06/02/2024;62322
05/02/2024;62542
02/02/2024;62639
01/02/2024;63079
31/01/2024;62865
30/01/2024;62371
29/01/2024;62234
25/01/2024;62036
24/01/2024;62072
23/01/2024;62003
22/01/2024;61888
19/01/2024;62021
18/01/2024;61791
17/01/2024;61561
16/01/2024;62065
15/01/2024;62567
12/01/2024;62372
11/01/2024;61830
10/01/2024;62047
09/01/2024;62211
08/01/2024;62140
05/01/2024;62627
04/01/2024;62444
03/01/2024;62294
02/01/2024;63039
01/01/2024;63001
29/12/2023;62954
28/12/2023;63119
27/12/2023;63292
26/12/2023;62722
22/12/2023;62657
21/12/2023;62257
20/12/2023;62151
19/12/2023;62211
18/12/2023;62057
15/12/2023;61991
14/12/2023;62229
13/12/2023;60992
12/12/2023;60984
11/12/2023;60986
08/12/2023;61597
07/12/2023;62290
06/12/2023;62269
05/12/2023;62600
04/12/2023;62302
01/12/2023;62876
30/11/2023;62639
29/11/2023;62470
28/11/2023;62409
27/11/2023;61557
24/11/2023;61352
23/11/2023;61093
22/11/2023;61065
21/11/2023;61212
20/11/2023;60657
17/11/2023;60678
16/11/2023;60654
15/11/2023;60120
14/11/2023;60083
13/11/2023;59844
12/11/2023;59785
10/11/2023;59697
09/11/2023;60271
08/11/2023;60043
07/11/2023;60365
06/11/2023;60818
03/11/2023;60829
02/11/2023;60805
01/11/2023;60757
31/10/2023;60879
30/10/2023;61077
27/10/2023;60952
26/10/2023;60735
25/10/2023;60652
24/10/2023;60351
23/10/2023;60402
20/10/2023;60405
19/10/2023;59935
18/10/2023;59680
17/10/2023;58922
16/10/2023;58993
13/10/2023;58993
12/10/2023;57613
11/10/2023;57636
10/10/2023;57364
09/10/2023;57268
06/10/2023;56582
05/10/2023;56112
04/10/2023;56229
03/10/2023;56385
29/09/2023;57061
28/09/2023;57146
27/09/2023;57759
26/09/2023;58478
25/09/2023;58707
22/09/2023;58896
21/09/2023;58853
20/09/2023;59363
19/09/2023;59265
18/09/2023;59212
15/09/2023;58992
14/09/2023;58608
13/09/2023;58610
12/09/2023;58642
11/09/2023;58941
08/09/2023;58905
07/09/2023;59016
06/09/2023;59111
05/09/2023;59301
04/09/2023;59385
01/09/2023;59106
31/08/2023;59113
30/08/2023;59117
29/08/2023;58843
28/08/2023;58497
25/08/2023;58273
24/08/2023;58436
23/08/2023;58430
22/08/2023;58221
21/08/2023;58164
18/08/2023;58098
17/08/2023;58027
16/08/2023;58413
14/08/2023;58663
11/08/2023;58629
10/08/2023;58605
09/08/2023;58719
08/08/2023;58997
07/08/2023;59201
04/08/2023;59124
03/08/2023;59078
02/08/2023;59117
01/08/2023;59048
31/07/2023;59628
28/07/2023;59288
27/07/2023;58878
26/07/2023;59347
25/07/2023;59120
24/07/2023;59013
21/07/2023;59221
20/07/2023;59459
19/07/2023;59683
18/07/2023;59633
17/07/2023;59061
14/07/2023;59229
13/07/2023;59185
12/07/2023;59113
11/07/2023;58737
10/07/2023;58635
07/07/2023;58747
06/07/2023;58385
05/07/2023;58308
04/07/2023;58194
03/07/2023;58119
30/06/2023;58020
29/06/2023;57578
28/06/2023;57796
27/06/2023;58015
26/06/2023;58256
23/06/2023;58188
22/06/2023;58144
21/06/2023;58630
20/06/2023;58721
19/06/2023;59043
16/06/2023;59249
15/06/2023;59249
14/06/2023;59249
13/06/2023;59222
12/06/2023;59595
09/06/2023;59777
08/06/2023;59809
07/06/2023;59511
06/06/2023;59902
05/06/2023;59805
02/06/2023;59656
01/06/2023;60033
31/05/2023;60252
30/05/2023;59845
29/05/2023;59358
26/05/2023;59430
25/05/2023;59493
24/05/2023;59918
23/05/2023;60220
22/05/2023;60271
19/05/2023;60389
18/05/2023;59758
17/05/2023;60189
16/05/2023;60280
15/05/2023;60987
12/05/2023;60843
11/05/2023;60886
10/05/2023;61207
09/05/2023;61359
08/05/2023;60916
05/05/2023;60799
04/05/2023;61683
03/05/2023;61073
02/05/2023;60787
01/05/2023;59979
28/04/2023;60057
27/04/2023;59913
26/04/2023;59849
25/04/2023;60123
24/04/2023;59928
21/04/2023;59810
20/04/2023;60389
19/04/2023;60172
18/04/2023;60331
17/04/2023;60051
14/04/2023;60145
13/04/2023;60987
12/04/2023;60404
11/04/2023;60281
10/04/2023;59867
06/04/2023;60276
05/04/2023;60366
04/04/2023;60435
03/04/2023;59600
31/03/2023;59314
30/03/2023;59389
29/03/2023;58997
28/03/2023;58986
27/03/2023;58496
24/03/2023;59226
23/03/2023;59436
22/03/2023;58684
21/03/2023;58520
20/03/2023;59424
17/03/2023;59231
16/03/2023;57942
15/03/2023;58263
14/03/2023;57417
13/03/2023;57539
10/03/2023;56101
09/03/2023;55272
08/03/2023;54955
07/03/2023;55077
06/03/2023;55752
03/03/2023;55879
02/03/2023;55915
01/03/2023;56047
28/02/2023;55714
27/02/2023;55447
24/02/2023;55535
23/02/2023;55630
22/02/2023;56060
21/02/2023;56157
20/02/2023;56202
17/02/2023;56232
16/02/2023;56229
15/02/2023;56151
14/02/2023;56679
13/02/2023;56486
10/02/2023;56711
09/02/2023;56797
08/02/2023;57128
07/02/2023;57175
06/02/2023;56926
03/02/2023;57424
02/02/2023;57710
01/02/2023;57599
31/01/2023;56864
30/01/2023;56754
27/01/2023;56789
25/01/2023;56865
24/01/2023;56881
23/01/2023;56705
20/01/2023;56569
19/01/2023;56443
18/01/2023;56220
17/01/2023;56306
16/01/2023;56414
13/01/2023;56224
12/01/2023;55801
11/01/2023;55641
10/01/2023;55642
09/01/2023;55792
06/01/2023;55628
05/01/2023;55071
04/01/2023;55688
03/01/2023;55380
02/01/2023;55016
30/12/2022;54779
29/12/2022;54642
28/12/2022;54324
27/12/2022;54546
26/12/2022;54230
23/12/2022;54104
22/12/2022;54066
21/12/2022;54684
20/12/2022;54541
19/12/2022;53945
16/12/2022;53957
15/12/2022;53795
14/12/2022;54340
13/12/2022;54376
12/12/2022;53791
09/12/2022;53950
08/12/2022;53741
07/12/2022;53665
06/12/2022;53446
05/12/2022;53300
02/12/2022;53346
01/12/2022;53339
30/11/2022;52434
29/11/2022;52357
28/11/2022;52148
25/11/2022;52386
24/11/2022;52494
23/11/2022;52259
22/11/2022;52161
21/11/2022;52201
18/11/2022;52501
17/11/2022;52698
16/11/2022;52883
15/11/2022;52545
14/11/2022;52601
11/11/2022;52275
10/11/2022;52033
09/11/2022;51474
08/11/2022;51581
07/11/2022;50901
04/11/2022;50615
03/11/2022;49876
02/11/2022;50414
01/11/2022;50250
31/10/2022;50070
28/10/2022;49956
27/10/2022;50450
26/10/2022;50411
25/10/2022;50353
24/10/2022;50319
21/10/2022;50361
20/10/2022;49938
19/10/2022;49981
18/10/2022;50192
17/10/2022;50231
14/10/2022;50067
13/10/2022;50615
12/10/2022;50713
11/10/2022;50874
10/10/2022;50871
07/10/2022;51716
06/10/2022;51711
05/10/2022;51361
04/10/2022;51127
03/10/2022;50245
30/09/2022;50029
29/09/2022;49902
28/09/2022;49726
27/09/2022;49160
26/09/2022;49110
23/09/2022;49382
22/09/2022;49955
21/09/2022;49428
20/09/2022;49218
19/09/2022;49361
16/09/2022;49451
15/09/2022;49394
14/09/2022;50101
13/09/2022;50233
12/09/2022;50696
09/09/2022;50592
08/09/2022;50429
07/09/2022;50570
06/09/2022;50354
05/09/2022;50604
02/09/2022;50313
01/09/2022;50169
31/08/2022;50520
30/08/2022;50701
29/08/2022;51181
26/08/2022;51242
25/08/2022;51628
24/08/2022;51480
23/08/2022;51458
22/08/2022;51217
19/08/2022;51517
18/08/2022;51642
17/08/2022;51563
16/08/2022;51821
12/08/2022;52456
11/08/2022;52246
10/08/2022;52184
09/08/2022;52383
08/08/2022;52183
05/08/2022;51641
04/08/2022;51802
03/08/2022;51216
02/08/2022;51274
01/08/2022;51260
29/07/2022;51365
28/07/2022;51274
27/07/2022;50722
26/07/2022;50612
25/07/2022;50567
22/07/2022;50720
21/07/2022;50427
20/07/2022;50309
19/07/2022;50395
18/07/2022;50457
15/07/2022;50212
14/07/2022;50323
13/07/2022;50849
12/07/2022;50532
11/07/2022;50709
08/07/2022;50832
07/07/2022;50691
06/07/2022;50581
05/07/2022;52238
04/07/2022;51808
01/07/2022;52227
30/06/2022;50719
29/06/2022;50836
28/06/2022;50824
27/06/2022;50681
24/06/2022;50614
23/06/2022;50608
22/06/2022;50898
21/06/2022;50775
20/06/2022;50748
17/06/2022;50824
16/06/2022;50945
15/06/2022;50433
14/06/2022;50251
13/06/2022;50682
10/06/2022;51645
09/06/2022;50971
08/06/2022;51036
07/06/2022;50929
06/06/2022;50871
03/06/2022;51287
02/06/2022;51078
01/06/2022;50504
31/05/2022;50924
30/05/2022;50908
27/05/2022;50961
26/05/2022;50858
25/05/2022;50815
24/05/2022;51146
23/05/2022;50934
20/05/2022;50842
19/05/2022;50579
18/05/2022;50235
17/05/2022;50237
16/05/2022;50291
13/05/2022;49944
12/05/2022;50249
11/05/2022;50862
10/05/2022;50662
09/05/2022;51026
06/05/2022;51381
05/05/2022;51653
04/05/2022;50836
03/05/2022;51022
02/05/2022;50831
29/04/2022;51809
28/04/2022;51391
27/04/2022;51357
26/04/2022;51655
25/04/2022;51462
22/04/2022;52250
21/04/2022;52356
20/04/2022;52499
19/04/2022;52603
18/04/2022;53104
14/04/2022;52793
13/04/2022;52871
12/04/2022;52656
11/04/2022;51985
08/04/2022;51854
07/04/2022;51681
06/04/2022;51433
05/04/2022;51619
04/04/2022;51229
01/04/2022;51264
31/03/2022;51633
30/03/2022;51042
29/03/2022;50730
28/03/2022;51442
25/03/2022;51687
24/03/2022;51841
23/03/2022;51580
22/03/2022;51219
21/03/2022;51546
18/03/2022;51383
17/03/2022;51597
16/03/2022;51105
15/03/2022;51522
14/03/2022;52238
11/03/2022;52828
10/03/2022;53183
09/03/2022;52724
08/03/2022;54146
07/03/2022;53461
04/03/2022;52274
03/03/2022;51569
02/03/2022;51133
01/03/2022;51565
28/02/2022;50530
25/02/2022;50039
24/02/2022;51403
23/02/2022;50226
22/02/2022;50186
21/02/2022;49998
18/02/2022;50034
17/02/2022;50277
16/02/2022;49546
15/02/2022;49332
14/02/2022;49827
11/02/2022;49024
10/02/2022;48867
09/02/2022;48575
08/02/2022;48345
07/02/2022;48168
04/02/2022;48081
03/02/2022;47884
02/02/2022;48049
01/02/2022;47966
31/01/2022;47840
28/01/2022;47652
27/01/2022;47974
25/01/2022;48836
24/01/2022;48537
21/01/2022;48243
20/01/2022;48372
19/01/2022;48368
18/01/2022;47926
17/01/2022;47908
14/01/2022;47803
13/01/2022;47759
12/01/2022;47802
11/01/2022;47694
10/01/2022;47471
07/01/2022;47481
06/01/2022;47499
05/01/2022;47974
04/01/2022;47763
03/01/2022;47473
31/12/2021;47994
30/12/2021;47746
29/12/2021;47673
28/12/2021;47888
27/12/2021;47933
24/12/2021;47982
23/12/2021;48012
22/12/2021;48026
21/12/2021;47933
20/12/2021;48130
17/12/2021;48467
16/12/2021;48407
15/12/2021;47900
14/12/2021;47895
13/12/2021;48106
10/12/2021;47993
09/12/2021;47802
08/12/2021;47900
07/12/2021;47922
06/12/2021;47787
03/12/2021;47425
02/12/2021;47307
01/12/2021;47525
30/11/2021;47439
29/11/2021;47613
26/11/2021;47610
25/11/2021;47444
24/11/2021;47469
23/11/2021;47460
22/11/2021;47963
19/11/2021;48829
18/11/2021;49047
17/11/2021;49262
16/11/2021;49038
15/11/2021;49269
12/11/2021;49277
11/11/2021;49208
10/11/2021;48857
09/11/2021;48263
08/11/2021;48025
05/11/2021;47959
04/11/2021;47559
03/11/2021;46961
02/11/2021;47683
01/11/2021;47692
29/10/2021;47502
28/10/2021;47777
27/10/2021;47804
26/10/2021;47680
25/10/2021;48030
22/10/2021;47668
21/10/2021;47314
20/10/2021;47380
19/10/2021;47196
18/10/2021;47186
15/10/2021;47106
14/10/2021;47748
13/10/2021;47753
12/10/2021;47097
11/10/2021;46941
08/10/2021;46922
07/10/2021;46737
06/10/2021;46781
05/10/2021;46459
04/10/2021;46618
01/10/2021;46315
30/09/2021;46221
29/09/2021;45550
28/09/2021;45819
27/09/2021;46064
24/09/2021;45995
23/09/2021;46083
22/09/2021;46682
21/09/2021;46641
20/09/2021;46297
17/09/2021;46025
16/09/2021;46120
15/09/2021;46949
14/09/2021;47267
13/09/2021;46946
10/09/2021;46858
09/09/2021;47021
08/09/2021;47072
07/09/2021;46989
06/09/2021;47450
03/09/2021;47342
02/09/2021;47048
01/09/2021;47093
31/08/2021;47060
30/08/2021;47049
27/08/2021;47416
26/08/2021;47163
25/08/2021;47108
24/08/2021;47532
23/08/2021;47511
20/08/2021;47110
19/08/2021;47119
18/08/2021;47069
17/08/2021;47206
16/08/2021;47138
13/08/2021;46886
12/08/2021;46335
11/08/2021;46351
10/08/2021;45936
09/08/2021;45949
06/08/2021;46682
05/08/2021;47959
04/08/2021;47872
03/08/2021;47854
02/08/2021;47937
30/07/2021;47901
29/07/2021;48210
28/07/2021;47535
27/07/2021;47551
26/07/2021;47455
23/07/2021;47521
22/07/2021;47624
21/07/2021;47584
20/07/2021;47861
19/07/2021;48069
16/07/2021;48040
15/07/2021;48358
14/07/2021;48265
13/07/2021;47887
12/07/2021;47768
09/07/2021;47898
08/07/2021;47735
07/07/2021;47887
06/07/2021;47694
05/07/2021;47567
02/07/2021;47286
01/07/2021;46985
30/06/2021;46817
29/06/2021;46438
28/06/2021;46821
25/06/2021;46757
24/06/2021;46701
23/06/2021;46921
22/06/2021;46838
21/06/2021;46904
18/06/2021;46592
17/06/2021;46781
16/06/2021;48279
15/06/2021;48230
14/06/2021;48318
11/06/2021;48717
10/06/2021;48975
09/06/2021;48904
08/06/2021;48908
07/06/2021;48911
04/06/2021;48650
03/06/2021;48293
02/06/2021;49108
01/06/2021;48935
31/05/2021;48807
28/05/2021;48543
27/05/2021;48561
26/05/2021;48728
25/05/2021;48780
24/05/2021;48514
21/05/2021;48368
20/05/2021;48519
19/05/2021;48660
18/05/2021;48288
17/05/2021;48437
14/05/2021;47682
13/05/2021;47452
12/05/2021;47491
11/05/2021;47625
10/05/2021;47925
07/05/2021;47719
06/05/2021;47536
05/05/2021;46591
04/05/2021;46782
03/05/2021;46963
30/04/2021;46431
29/04/2021;46400
28/04/2021;46697
27/04/2021;46960
26/04/2021;47117
23/04/2021;47169
22/04/2021;47426
21/04/2021;47892
20/04/2021;47498
19/04/2021;47084
16/04/2021;47022
15/04/2021;46881
14/04/2021;46317
13/04/2021;46674
12/04/2021;46188
09/04/2021;46344
08/04/2021;46576
07/04/2021;46128
06/04/2021;45685
05/04/2021;44985
01/04/2021;44957
31/03/2021;44418
30/03/2021;43941
29/03/2021;43754
26/03/2021;44629
25/03/2021;44726
24/03/2021;44841
23/03/2021;44636
22/03/2021;44885
19/03/2021;45008
18/03/2021;44942
17/03/2021;44848
16/03/2021;44820
15/03/2021;44906
12/03/2021;44737
11/03/2021;44876
10/03/2021;44774
09/03/2021;44844
08/03/2021;44233
05/03/2021;44442
04/03/2021;44581
03/03/2021;44721
02/03/2021;45224
01/03/2021;45021
26/02/2021;45569
25/02/2021;46085
24/02/2021;46369
23/02/2021;46632
22/02/2021;46782
19/02/2021;46095
18/02/2021;46046
17/02/2021;46134
16/02/2021;46777
15/02/2021;47118
12/02/2021;47169
11/02/2021;47377
10/02/2021;47863
09/02/2021;47818
08/02/2021;47726
05/02/2021;46978
04/02/2021;46695
03/02/2021;47703
02/02/2021;47752
01/02/2021;48424
29/01/2021;49111
28/01/2021;48672
27/01/2021;48879
25/01/2021;49144
22/01/2021;49131
21/01/2021;49418
20/01/2021;49528
19/01/2021;49011
18/01/2021;48918
15/01/2021;48745
14/01/2021;49238
13/01/2021;49354
12/01/2021;49098
11/01/2021;49386
08/01/2021;49035
07/01/2021;50918
06/01/2021;50545
05/01/2021;51456
04/01/2021;51349
01/01/2021;50081
31/12/2020;50081
30/12/2020;49881
29/12/2020;49722
28/12/2020;49761
24/12/2020;49787
23/12/2020;49909
22/12/2020;49768
21/12/2020;50146
18/12/2020;50100
17/12/2020;50263
16/12/2020;49544
15/12/2020;49416
14/12/2020;48916
11/12/2020;49306
10/12/2020;49081
09/12/2020;49256
08/12/2020;50049
07/12/2020;49923
04/12/2020;49322
03/12/2020;49061
02/12/2020;48959
01/12/2020;48641
30/11/2020;47898
27/11/2020;48189
26/11/2020;48597
25/11/2020;48568
24/11/2020;48683
23/11/2020;49555
20/11/2020;50279
19/11/2020;50063
18/11/2020;50377
17/11/2020;50806
16/11/2020;50870
14/11/2020;50945
13/11/2020;50956
12/11/2020;50652
11/11/2020;50230
10/11/2020;50561
09/11/2020;49795
06/11/2020;52190
05/11/2020;51901
04/11/2020;50829
03/11/2020;51509
02/11/2020;51032
30/10/2020;50641
29/10/2020;50276
28/10/2020;50483
27/10/2020;50984
26/10/2020;50953
23/10/2020;50820
22/10/2020;50741
21/10/2020;51313
20/10/2020;50937
19/10/2020;50751
16/10/2020;50605
15/10/2020;50775
14/10/2020;50614
13/10/2020;50306
12/10/2020;51166
09/10/2020;50872
08/10/2020;50239
07/10/2020;50133
06/10/2020;50617
05/10/2020;50809
01/10/2020;50345
30/09/2020;50232
29/09/2020;50607
28/09/2020;49928
25/09/2020;49539
24/09/2020;49959
23/09/2020;49576
22/09/2020;50454
21/09/2020;50512
18/09/2020;51764
17/09/2020;51498
16/09/2020;51876
15/09/2020;51818
14/09/2020;51759
11/09/2020;51393
10/09/2020;51832
09/09/2020;51486
08/09/2020;51433
07/09/2020;51149
04/09/2020;50728
03/09/2020;50768
02/09/2020;50577
01/09/2020;51017
31/08/2020;51099
28/08/2020;51050
27/08/2020;50507
26/08/2020;51619
25/08/2020;50936
24/08/2020;51385
21/08/2020;52045
20/08/2020;52302
19/08/2020;52824
18/08/2020;53738
17/08/2020;53435
14/08/2020;52451
13/08/2020;53148
12/08/2020;52505
11/08/2020;52144
10/08/2020;55243
07/08/2020;55018
06/08/2020;56117
05/08/2020;55597
04/08/2020;54784
03/08/2020;53927
31/07/2020;53582
30/07/2020;52986
29/07/2020;53207
28/07/2020;52731
27/07/2020;52227
24/07/2020;51120
23/07/2020;50762
22/07/2020;50115
21/07/2020;49559
20/07/2020;49067
17/07/2020;49001
16/07/2020;48811
15/07/2020;49182
14/07/2020;49277
13/07/2020;49180
10/07/2020;48883
09/07/2020;48896
08/07/2020;49160
07/07/2020;48796
06/07/2020;48247
03/07/2020;48336
02/07/2020;48437
01/07/2020;48400
30/06/2020;48861
29/06/2020;48194
26/06/2020;48363
25/06/2020;47952
24/06/2020;48105
23/06/2020;48186
22/06/2020;47912
19/06/2020;47907
18/06/2020;47328
17/06/2020;47320
16/06/2020;47534
15/06/2020;46999
12/06/2020;47325
11/06/2020;47405
10/06/2020;46629
09/06/2020;46595
08/06/2020;46110
05/06/2020;46346
04/06/2020;46781
03/06/2020;46203
02/06/2020;46796
01/06/2020;47018
29/05/2020;46858
28/05/2020;46474
27/05/2020;46647
26/05/2020;46393
25/05/2020;46953
22/05/2020;47057
21/05/2020;46417
20/05/2020;47129
19/05/2020;47036
18/05/2020;46652
15/05/2020;47352
14/05/2020;46631
13/05/2020;45983
12/05/2020;45635
11/05/2020;45785
08/05/2020;45820
07/05/2020;46147
06/05/2020;45387
05/05/2020;45539
04/05/2020;45762
01/05/2020;45251
30/04/2020;44647
29/04/2020;45439
28/04/2020;46188
27/04/2020;46353
24/04/2020;46550
23/04/2020;46475
22/04/2020;46189
21/04/2020;45383
20/04/2020;45724
17/04/2020;45855
16/04/2020;47203
15/04/2020;46696
13/04/2020;46270
09/04/2020;45279
08/04/2020;44944
07/04/2020;45043
03/04/2020;44298
01/04/2020;43578
31/03/2020;43225
30/03/2020;43883
27/03/2020;43590
26/03/2020;43631
25/03/2020;42713
24/03/2020;41873
23/03/2020;41317
20/03/2020;40419
19/03/2020;39889
18/03/2020;39764
17/03/2020;40279
16/03/2020;39548
13/03/2020;40382
12/03/2020;42217
11/03/2020;43334
10/03/2020;43694
09/03/2020;44308
06/03/2020;44098
05/03/2020;43874
04/03/2020;43235
03/03/2020;43100
02/03/2020;42017
28/02/2020;41763
27/02/2020;42193
26/02/2020;42349
25/02/2020;42675
24/02/2020;43456
21/02/2020;42511
20/02/2020;41886
19/02/2020;41463
18/02/2020;41311
17/02/2020;40686
14/02/2020;40879
13/02/2020;40580
12/02/2020;40427
11/02/2020;40353
10/02/2020;40607
07/02/2020;40563
06/02/2020;40287
05/02/2020;40213
04/02/2020;40056
03/02/2020;40633
01/02/2020;41099
31/01/2020;41012
30/01/2020;40897
29/01/2020;40321
28/01/2020;40200
27/01/2020;40557
24/01/2020;40322
23/01/2020;40255
22/01/2020;39893
21/01/2020;39892
20/01/2020;39927
17/01/2020;39920
16/01/2020;39676
15/01/2020;39598
14/01/2020;39443
13/01/2020;39541
10/01/2020;39849
09/01/2020;39806
08/01/2020;40078
07/01/2020;40635
06/01/2020;40448
03/01/2020;39925
02/01/2020;39220
01/01/2020;38938
31/12/2019;38999
30/12/2019;38823
27/12/2019;38978
26/12/2019;38767
24/12/2019;38624
23/12/2019;38231
20/12/2019;38002
19/12/2019;38110
18/12/2019;37932
17/12/2019;37961
16/12/2019;37873
13/12/2019;37776
12/12/2019;37559
11/12/2019;37693
10/12/2019;37604
09/12/2019;37638
06/12/2019;37748
05/12/2019;38095
04/12/2019;38188
03/12/2019;38267
02/12/2019;37915
29/11/2019;37961
28/11/2019;37780
27/11/2019;37578
26/11/2019;37775
25/11/2019;37782
22/11/2019;37927
21/11/2019;37971
20/11/2019;38155
19/11/2019;38206
18/11/2019;38228
15/11/2019;38002
14/11/2019;38269
13/11/2019;38107
12/11/2019;37740
11/11/2019;37688
08/11/2019;37705
07/11/2019;37595
06/11/2019;38239
05/11/2019;38458
04/11/2019;38734
01/11/2019;38652
31/10/2019;38842
30/10/2019;38369
29/10/2019;38110
28/10/2019;38103
27/10/2019;38280
25/10/2019;38362
24/10/2019;38452
23/10/2019;38124
22/10/2019;38025
21/10/2019;37969
18/10/2019;38121
17/10/2019;38216
16/10/2019;38248
15/10/2019;38067
14/10/2019;38250
11/10/2019;37839
10/10/2019;38120
09/10/2019;38384
08/10/2019;38242
07/10/2019;37978
04/10/2019;38002
03/10/2019;38012
01/10/2019;37377
30/09/2019;36873
27/09/2019;37706
26/09/2019;37773
25/09/2019;37571
24/09/2019;38091
23/09/2019;37905
20/09/2019;37669
19/09/2019;37672
18/09/2019;37837
17/09/2019;37995
16/09/2019;38161
13/09/2019;37517
12/09/2019;37747
11/09/2019;37965
10/09/2019;38248
09/09/2019;38459
06/09/2019;38551
05/09/2019;38504
04/09/2019;39337
03/09/2019;39314
02/09/2019;38708
30/08/2019;38300
29/08/2019;38426
28/08/2019;38772
27/08/2019;38644
26/08/2019;38415
23/08/2019;38357
22/08/2019;37779
21/08/2019;37598
20/08/2019;37640
19/08/2019;37484
16/08/2019;37487
14/08/2019;37688
13/08/2019;37268
12/08/2019;37812
09/08/2019;37558
08/08/2019;37311
07/08/2019;37899
06/08/2019;37182
05/08/2019;36711
02/08/2019;35705
01/08/2019;35134
31/07/2019;34714
30/07/2019;34737
29/07/2019;34788
26/07/2019;34815
25/07/2019;34850
24/07/2019;35036
23/07/2019;35030
22/07/2019;35143
19/07/2019;35033
18/07/2019;35117
17/07/2019;35039
16/07/2019;34738
15/07/2019;34792
12/07/2019;34812
11/07/2019;34612
10/07/2019;34765
09/07/2019;34533
08/07/2019;34535
05/07/2019;34370
04/07/2019;34023
03/07/2019;34077
02/07/2019;33779
01/07/2019;33348
28/06/2019;33947
27/06/2019;33931
26/06/2019;34135
25/06/2019;34300
24/06/2019;34214
21/06/2019;33960
20/06/2019;33838
19/06/2019;32976
18/06/2019;32939
17/06/2019;32961
14/06/2019;32984
13/06/2019;32884
12/06/2019;32685
11/06/2019;32576
10/06/2019;32611
07/06/2019;32867
06/06/2019;32734
05/06/2019;32607
04/06/2019;32465
03/06/2019;32405
31/05/2019;32131
30/05/2019;31831
29/05/2019;31760
28/05/2019;31569
27/05/2019;31630
24/05/2019;31554
23/05/2019;31696
22/05/2019;31452
21/05/2019;31442
20/05/2019;31566
17/05/2019;31809
16/05/2019;31985
15/05/2019;32261
14/05/2019;32248
13/05/2019;32499
10/05/2019;31917
09/05/2019;31926
08/05/2019;31697
07/05/2019;31739
06/05/2019;31578
03/05/2019;31341
02/05/2019;31203
01/05/2019;31563
30/04/2019;31625
26/04/2019;31868
25/04/2019;31843
24/04/2019;31759
23/04/2019;31525
22/04/2019;31531
18/04/2019;31403
17/04/2019;31410
16/04/2019;31474
15/04/2019;31760
12/04/2019;31760
11/04/2019;31663
10/04/2019;32174
09/04/2019;32098
08/04/2019;32076
05/04/2019;31566
04/04/2019;31503
03/04/2019;31450
02/04/2019;31535
01/04/2019;31570
29/03/2019;31703
28/03/2019;31624
27/03/2019;32019
26/03/2019;32113
25/03/2019;32223
22/03/2019;32155
21/03/2019;31842
20/03/2019;31740
19/03/2019;31985
18/03/2019;31685
15/03/2019;31853
14/03/2019;31832
13/03/2019;32225
12/03/2019;32015
11/03/2019;31915
08/03/2019;32174
07/03/2019;31946
06/03/2019;31954
05/03/2019;32015
04/03/2019;32505
01/03/2019;32533
28/02/2019;32902
27/02/2019;33171
26/02/2019;33228
25/02/2019;33159
22/02/2019;33369
21/02/2019;33302
20/02/2019;33719
19/02/2019;33753
18/02/2019;33463
15/02/2019;33263
14/02/2019;32970
13/02/2019;32909
12/02/2019;32747
11/02/2019;32931
08/02/2019;33125
07/02/2019;33056
06/02/2019;33222
05/02/2019;33381
04/02/2019;33455
01/02/2019;33405
31/01/2019;33100
30/01/2019;32903
29/01/2019;32891
28/01/2019;32536
25/01/2019;32339
24/01/2019;32016
23/01/2019;32135
22/01/2019;32154
21/01/2019;32039
18/01/2019;32089
17/01/2019;32253
16/01/2019;32272
15/01/2019;32169
14/01/2019;32130
11/01/2019;31924
10/01/2019;31878
09/01/2019;31993
08/01/2019;31736
07/01/2019;31652
04/01/2019;31679
03/01/2019;31939
02/01/2019;31934
01/01/2019;31560
31/12/2018;31489
28/12/2018;31506
27/12/2018;31611
26/12/2018;31463
24/12/2018;31375
21/12/2018;31126
20/12/2018;31219
19/12/2018;31139
18/12/2018;31075
17/12/2018;31501
14/12/2018;31437
13/12/2018;31414
12/12/2018;31626
11/12/2018;31812
10/12/2018;31895
07/12/2018;31440
06/12/2018;31005
05/12/2018;30926
04/12/2018;30964
03/12/2018;30787
30/11/2018;30186
29/11/2018;30253
28/11/2018;30457
27/11/2018;30423
26/11/2018;30574
23/11/2018;30513
22/11/2018;30613
21/11/2018;30839
20/11/2018;30830
19/11/2018;30888
16/11/2018;31017
15/11/2018;30831
14/11/2018;30838
13/11/2018;30778
12/11/2018;31014
09/11/2018;31023
08/11/2018;31408
07/11/2018;31602
06/11/2018;31657
05/11/2018;31783
02/11/2018;31737
01/11/2018;31783
31/10/2018;31631
30/10/2018;31725
29/10/2018;31730
26/10/2018;31764
25/10/2018;31683
24/10/2018;31723
23/10/2018;31871
22/10/2018;31729
19/10/2018;31737
18/10/2018;31885
17/10/2018;31702
16/10/2018;31701
15/10/2018;31877
12/10/2018;31670
11/10/2018;31793
10/10/2018;31247
09/10/2018;31161
08/10/2018;31096
05/10/2018;31233
04/10/2018;31136
03/10/2018;31025
01/10/2018;30614
28/09/2018;30479
27/09/2018;30356
26/09/2018;30608
25/09/2018;30838
24/09/2018;30862
21/09/2018;30609
20/09/2018;30623
19/09/2018;30649
18/09/2018;30811
17/09/2018;30778
14/09/2018;30453
13/09/2018;30470
12/09/2018;30664
11/09/2018;30732
10/09/2018;30725
07/09/2018;30509
06/09/2018;30565
05/09/2018;30310
04/09/2018;30221
03/09/2018;30327
31/08/2018;30116
30/08/2018;30131
29/08/2018;30144
28/08/2018;29981
27/08/2018;29973
24/08/2018;29882
23/08/2018;29576
22/08/2018;29627
21/08/2018;29542
20/08/2018;29435
17/08/2018;29275
16/08/2018;29275
14/08/2018;29664
13/08/2018;29665
10/08/2018;29706
09/08/2018;29605
08/08/2018;29544
07/08/2018;29534
06/08/2018;29563
03/08/2018;29800
02/08/2018;29520
01/08/2018;29462
31/07/2018;29638
30/07/2018;29755
27/07/2018;29805
26/07/2018;29836
25/07/2018;29959
24/07/2018;29912
23/07/2018;29914
20/07/2018;29957
19/07/2018;29913
18/07/2018;29799
17/07/2018;29757
16/07/2018;30103
13/07/2018;30131
12/07/2018;30175
11/07/2018;30344
10/07/2018;30551
09/07/2018;30638
06/07/2018;30582
05/07/2018;30541
04/07/2018;30510
03/07/2018;30469
02/07/2018;30153
29/06/2018;30363
28/06/2018;30431
27/06/2018;30606
26/06/2018;30480
25/06/2018;30540
22/06/2018;30498
21/06/2018;30451
20/06/2018;30605
19/06/2018;30702
18/06/2018;30773
15/06/2018;30804
14/06/2018;31145
13/06/2018;30952
12/06/2018;30952
11/06/2018;31035
08/06/2018;31076
07/06/2018;31055
06/06/2018;30755
05/06/2018;30699
04/06/2018;30708
01/06/2018;30568
31/05/2018;30882
30/05/2018;31030
29/05/2018;31184
28/05/2018;30971
25/05/2018;31194
24/05/2018;31461
23/05/2018;31186
22/05/2018;31111
21/05/2018;31114
18/05/2018;31093
17/05/2018;30986
16/05/2018;31007
15/05/2018;31186
14/05/2018;31496
11/05/2018;31500
10/05/2018;31352
09/05/2018;31303
08/05/2018;31200
07/05/2018;31247
04/05/2018;31068
03/05/2018;31003
02/05/2018;30926
01/05/2018;30874
30/04/2018;30947
27/04/2018;31129
26/04/2018;31158
25/04/2018;31301
24/04/2018;31262
23/04/2018;31164
20/04/2018;31314
19/04/2018;31479
18/04/2018;31410
17/04/2018;31257
16/04/2018;31167
13/04/2018;31005
12/04/2018;30897
11/04/2018;31244
10/04/2018;30798
09/04/2018;30675
06/04/2018;30605
05/04/2018;30505
04/04/2018;30886
03/04/2018;30625
02/04/2018;30961
29/03/2018;30426
28/03/2018;30518
27/03/2018;30717
26/03/2018;30889
23/03/2018;30901
22/03/2018;30506
21/03/2018;30464
20/03/2018;30284
19/03/2018;30432
16/03/2018;30251
15/03/2018;30314
14/03/2018;30413
13/03/2018;30387
12/03/2018;30340
09/03/2018;30408
08/03/2018;30436
07/03/2018;30461
06/03/2018;30568
05/03/2018;30429
02/03/2018;30473
01/03/2018;30181
28/02/2018;30423
27/02/2018;30306
26/02/2018;30518
23/02/2018;30492
22/02/2018;30564
21/02/2018;30459
20/02/2018;30524
19/02/2018;30715
16/02/2018;30785
15/02/2018;30549
14/02/2018;30605
13/02/2018;30195
12/02/2018;30133
09/02/2018;29999
08/02/2018;30103
07/02/2018;29976
06/02/2018;30182
05/02/2018;30286
02/02/2018;30399
01/02/2018;30512
31/01/2018;30064
30/01/2018;30052
29/01/2018;30074
25/01/2018;30367
24/01/2018;30244
23/01/2018;29876
22/01/2018;29806
19/01/2018;29743
18/01/2018;29644
17/01/2018;29761
16/01/2018;29830
15/01/2018;29763
12/01/2018;29553
11/01/2018;29404
10/01/2018;29343
09/01/2018;29173
08/01/2018;29270
05/01/2018;29465
04/01/2018;29472
03/01/2018;29481
02/01/2018;29392
01/01/2018;29324
29/12/2017;29372
28/12/2017;29171
27/12/2017;29092
26/12/2017;28924
22/12/2017;28757
21/12/2017;28596
20/12/2017;28617
19/12/2017;28555
18/12/2017;28663
15/12/2017;28441
14/12/2017;28500
13/12/2017;28377
12/12/2017;28318
11/12/2017;28429
08/12/2017;28588
07/12/2017;28670
06/12/2017;28972
05/12/2017;28893
04/12/2017;29059
01/12/2017;29217
30/11/2017;28992
29/11/2017;29215
28/11/2017;29381
27/11/2017;29460
24/11/2017;29375
23/11/2017;29420
22/11/2017;29504
21/11/2017;29334
20/11/2017;29339
17/11/2017;29658
16/11/2017;29491
15/11/2017;29528
14/11/2017;29620
13/11/2017;29619
10/11/2017;29508
09/11/2017;29670
08/11/2017;29562
07/11/2017;29457
06/11/2017;29363
03/11/2017;29191
02/11/2017;29242
01/11/2017;29120
31/10/2017;29040
30/10/2017;29349
27/10/2017;29272
26/10/2017;29236
25/10/2017;29362
24/10/2017;29498
23/10/2017;29499
20/10/2017;29541
19/10/2017;29654
18/10/2017;29536
17/10/2017;29565
16/10/2017;29808
13/10/2017;29800
12/10/2017;29756
11/10/2017;29659
10/10/2017;29768
09/10/2017;29670
06/10/2017;29510
05/10/2017;29412
04/10/2017;29331
03/10/2017;29400
29/09/2017;29549
28/09/2017;29624
27/09/2017;29673
26/09/2017;29885
25/09/2017;30065
22/09/2017;29608
21/09/2017;29584
20/09/2017;29780
19/09/2017;29628
18/09/2017;29561
15/09/2017;29869
14/09/2017;30020
13/09/2017;29896
12/09/2017;29953
11/09/2017;29942
08/09/2017;30271
07/09/2017;30287
06/09/2017;30088
05/09/2017;30226
04/09/2017;30174
01/09/2017;29788
31/08/2017;29756
30/08/2017;29540
29/08/2017;29588
28/08/2017;29425
25/08/2017;29086
24/08/2017;29021
23/08/2017;29090
22/08/2017;29061
21/08/2017;29224
18/08/2017;29109
17/08/2017;29093
16/08/2017;28878
14/08/2017;29042
11/08/2017;29158
10/08/2017;29130
09/08/2017;28800
08/08/2017;28357
07/08/2017;28419
04/08/2017;28373
03/08/2017;28447
02/08/2017;28486
01/08/2017;28514
31/07/2017;28588
28/07/2017;28596
27/07/2017;28477
26/07/2017;28396
25/07/2017;28490
24/07/2017;28530
21/07/2017;28541
20/07/2017;28345
19/07/2017;28270
18/07/2017;28280
17/07/2017;28147
14/07/2017;28022
13/07/2017;27868
12/07/2017;27889
11/07/2017;27871
10/07/2017;27840
07/07/2017;27812
06/07/2017;28143
05/07/2017;28051
04/07/2017;28043
03/07/2017;27952
30/06/2017;28295
29/06/2017;28527
28/06/2017;28485
27/06/2017;28483
26/06/2017;28426
23/06/2017;28648
22/06/2017;28557
21/06/2017;28495
20/06/2017;28475
19/06/2017;28473
16/06/2017;28616
15/06/2017;28686
14/06/2017;28946
13/06/2017;28862
12/06/2017;28917
09/06/2017;28938
08/06/2017;29049
07/06/2017;29376
06/06/2017;29481
05/06/2017;29111
02/06/2017;28949
01/06/2017;28749
31/05/2017;28905
30/05/2017;28704
29/05/2017;28874
26/05/2017;28847
25/05/2017;28638
24/05/2017;28719
23/05/2017;28808
22/05/2017;28783
19/05/2017;28634
18/05/2017;28710
17/05/2017;28614
16/05/2017;28109
15/05/2017;28008
12/05/2017;28019
11/05/2017;28022
10/05/2017;28007
09/05/2017;27981
08/05/2017;28119
05/05/2017;28184
04/05/2017;28060
03/05/2017;28571
02/05/2017;28571
01/05/2017;28654
28/04/2017;28872
27/04/2017;28784
26/04/2017;28757
25/04/2017;28827
24/04/2017;29128
21/04/2017;29432
20/04/2017;29308
19/04/2017;29313
18/04/2017;29518
17/04/2017;29392
13/04/2017;29358
12/04/2017;29189
11/04/2017;29149
10/04/2017;28699
07/04/2017;28650
06/04/2017;28697
05/04/2017;28617
04/04/2017;28960
03/04/2017;28720
31/03/2017;28612
30/03/2017;28559
29/03/2017;28762
28/03/2017;28872
27/03/2017;28839
24/03/2017;28809
23/03/2017;28816
22/03/2017;28886
21/03/2017;28853
20/03/2017;28518
17/03/2017;28528
16/03/2017;28436
15/03/2017;28019
14/03/2017;28100
13/03/2017;28291
10/03/2017;28417
09/03/2017;28491
08/03/2017;28660
07/03/2017;28791
06/03/2017;28979
03/03/2017;29442
02/03/2017;29204
01/03/2017;29529
28/02/2017;29592
27/02/2017;29732
24/02/2017;29613
23/02/2017;29440
22/02/2017;29223
21/02/2017;29314
20/02/2017;29324
17/02/2017;29359
16/02/2017;29377
15/02/2017;29138
14/02/2017;29027
13/02/2017;29057
10/02/2017;29195
09/02/2017;29115
08/02/2017;29371
07/02/2017;29348
06/02/2017;29202
03/02/2017;29166
02/02/2017;29064
01/02/2017;28981
31/01/2017;29172
30/01/2017;28642
27/01/2017;28449
25/01/2017;28472
24/01/2017;28815
23/01/2017;28876
20/01/2017;28685
19/01/2017;28588
18/01/2017;28852
17/01/2017;28797
16/01/2017;28601
13/01/2017;28440
12/01/2017;28463
11/01/2017;28353
10/01/2017;28210
09/01/2017;28124
06/01/2017;27960
05/01/2017;28890
04/01/2017;28085
03/01/2017;28102
02/01/2017;27828
30/12/2016;27700
29/12/2016;27810
28/12/2016;27539
27/12/2016;27431
26/12/2016;27241
23/12/2016;27186
22/12/2016;27152
21/12/2016;27103
20/12/2016;27262
19/12/2016;27392
16/12/2016;27308
15/12/2016;27130
14/12/2016;27746
13/12/2016;27710
12/12/2016;27843
09/12/2016;27701
08/12/2016;27896
07/12/2016;28043
06/12/2016;27944
05/12/2016;28236
02/12/2016;28445
01/12/2016;28062
30/11/2016;28428
29/11/2016;28853
28/11/2016;28793
25/11/2016;28671
24/11/2016;28816
23/11/2016;28885
22/11/2016;29182
21/11/2016;29197
18/11/2016;29005
17/11/2016;29185
16/11/2016;29463
15/11/2016;29391
14/11/2016;29676
11/11/2016;29461
10/11/2016;29986
09/11/2016;29961
08/11/2016;29899
07/11/2016;30118
04/11/2016;30689
03/11/2016;30674
02/11/2016;30759
01/11/2016;30329
31/10/2016;30057
30/10/2016;30151
28/10/2016;30131
27/10/2016;30054
26/10/2016;29913
25/10/2016;30034
24/10/2016;29820
21/10/2016;29936
20/10/2016;29891
19/10/2016;29883
18/10/2016;29773
17/10/2016;29675
14/10/2016;29638
13/10/2016;29697
12/10/2016;29662
11/10/2016;29712
10/10/2016;29662
07/10/2016;29591
06/10/2016;29615
05/10/2016;30004
04/10/2016;30068
03/10/2016;30749
30/09/2016;30814
29/09/2016;31224
28/09/2016;30963
27/09/2016;31003
26/09/2016;31351
23/09/2016;31288
22/09/2016;31335
21/09/2016;31207
20/09/2016;30892
19/09/2016;30936
16/09/2016;30851
15/09/2016;30950
14/09/2016;31100
13/09/2016;31141
12/09/2016;31087
09/09/2016;31261
08/09/2016;31239
07/09/2016;31336
06/09/2016;31401
05/09/2016;31025
02/09/2016;30900
01/09/2016;30710
31/08/2016;30746
30/08/2016;30840
29/08/2016;31077
26/08/2016;31023
25/08/2016;30945
24/08/2016;31049
23/08/2016;31373
22/08/2016;31395
19/08/2016;31365
18/08/2016;31411
17/08/2016;31314
16/08/2016;31349
12/08/2016;31080
11/08/2016;31171
10/08/2016;31219
09/08/2016;31133
08/08/2016;30998
05/08/2016;30779
04/08/2016;31317
03/08/2016;31199
02/08/2016;31282
01/08/2016;31011
29/07/2016;31099
28/07/2016;30795
27/07/2016;30878
26/07/2016;30822
25/07/2016;30814
22/07/2016;30794
21/07/2016;30940
20/07/2016;30666
19/07/2016;31021
18/07/2016;30950
15/07/2016;30922
14/07/2016;30895
13/07/2016;31225
12/07/2016;31001
11/07/2016;31524
08/07/2016;31657
07/07/2016;31817
06/07/2016;32018
05/07/2016;30841
04/07/2016;31396
01/07/2016;31077
30/06/2016;30851
29/06/2016;30986
28/06/2016;30999
27/06/2016;31218
24/06/2016;31131
23/06/2016;29686
22/06/2016;29898
21/06/2016;30072
20/06/2016;30478
17/06/2016;30373
16/06/2016;30392
15/06/2016;30262
14/06/2016;30357
13/06/2016;30181
10/06/2016;29851
09/06/2016;29757
08/06/2016;29491
07/06/2016;29239
06/06/2016;29329
03/06/2016;29216
02/06/2016;28554
01/06/2016;28626
31/05/2016;28610
30/05/2016;28590
27/05/2016;28590
26/05/2016;28729
25/05/2016;28945
24/05/2016;29306
23/05/2016;29682
20/05/2016;29693
19/05/2016;29800
18/05/2016;30049
17/05/2016;30045
16/05/2016;29963
13/05/2016;30023
12/05/2016;29904
11/05/2016;29933
10/05/2016;29785
09/05/2016;29805
06/05/2016;30366
05/05/2016;29868
04/05/2016;29934
03/05/2016;30154
02/05/2016;30213
29/04/2016;30138
28/04/2016;29627
27/04/2016;29319
26/04/2016;29158
25/04/2016;29183
22/04/2016;28941
21/04/2016;29287
20/04/2016;29249
19/04/2016;29255
18/04/2016;28935
15/04/2016;28918
14/04/2016;28731
13/04/2016;29128
12/04/2016;29250
11/04/2016;29254
08/04/2016;29047
07/04/2016;28972
06/04/2016;28571
05/04/2016;28562
04/04/2016;28086
01/04/2016;28056
31/03/2016;28441
30/03/2016;28301
29/03/2016;28616
28/03/2016;28400
24/03/2016;28560
23/03/2016;28568
22/03/2016;29047
21/03/2016;28937
18/03/2016;29135
17/03/2016;29357
16/03/2016;28970
15/03/2016;29050
14/03/2016;29204
11/03/2016;29504
10/03/2016;29928
09/03/2016;29597
08/03/2016;29819
07/03/2016;29597
04/03/2016;29519
03/03/2016;29381
02/03/2016;29219
01/03/2016;29097
29/02/2016;29437
26/02/2016;29290
25/02/2016;29735
24/02/2016;29523
23/02/2016;29234
22/02/2016;28916
19/02/2016;29432
18/02/2016;29210
17/02/2016;28781
16/02/2016;28800
15/02/2016;28595
12/02/2016;29287
11/02/2016;29706
10/02/2016;28211
09/02/2016;28325
08/02/2016;28367
05/02/2016;27568
04/02/2016;27656
03/02/2016;27285
02/02/2016;27008
01/02/2016;26973
29/01/2016;26709
28/01/2016;26701
27/01/2016;26736
25/01/2016;26391
22/01/2016;26168
21/01/2016;26190
20/01/2016;26563
19/01/2016;26064
18/01/2016;26070
15/01/2016;26126
14/01/2016;25652
13/01/2016;25750
12/01/2016;25689
11/01/2016;25877
08/01/2016;25989
07/01/2016;26106
06/01/2016;25756
05/01/2016;25430
04/01/2016;25423
01/01/2016;24943
31/12/2015;24952
30/12/2015;25017
29/12/2015;25106
28/12/2015;25077
24/12/2015;25147
23/12/2015;25004
22/12/2015;25176
21/12/2015;25302
18/12/2015;25011
17/12/2015;24766
16/12/2015;25372
15/12/2015;25173
14/12/2015;25256
11/12/2015;25581
10/12/2015;25328
09/12/2015;25499
08/12/2015;25424
07/12/2015;25443
04/12/2015;25631
03/12/2015;25043
02/12/2015;24895
01/12/2015;25018
30/11/2015;25114
27/11/2015;25071
26/11/2015;25288
25/11/2015;25230
24/11/2015;25305
23/11/2015;25180
20/11/2015;25252
19/11/2015;25308
18/11/2015;25108
17/11/2015;25038
16/11/2015;25360
13/11/2015;25388
12/11/2015;25341
11/11/2015;25490
10/11/2015;25604
09/11/2015;25699
06/11/2015;25538
05/11/2015;25791
04/11/2015;25646
03/11/2015;25863
02/11/2015;26228
30/10/2015;26355
29/10/2015;26470
28/10/2015;26930
27/10/2015;26790
26/10/2015;26689
23/10/2015;26676
22/10/2015;26737
21/10/2015;26821
20/10/2015;26993
19/10/2015;26882
16/10/2015;27029
15/10/2015;27142
14/10/2015;27088
13/10/2015;26872
12/10/2015;26678
09/10/2015;26515
08/10/2015;26351
07/10/2015;26449
06/10/2015;26512
05/10/2015;26094
01/10/2015;25782
30/09/2015;25803
29/09/2015;26253
28/09/2015;26508
25/09/2015;26744
24/09/2015;26965
23/09/2015;26476
22/09/2015;26242
21/09/2015;26345
18/09/2015;26476
17/09/2015;26176
16/09/2015;26285
15/09/2015;25982
14/09/2015;26078
11/09/2015;25981
10/09/2015;26179
09/09/2015;26069
08/09/2015;26436
07/09/2015;26506
04/09/2015;26256
03/09/2015;26196
02/09/2015;26417
01/09/2015;26623
31/08/2015;26540
28/08/2015;26490
27/08/2015;26197
26/08/2015;26341
25/08/2015;26595
24/08/2015;27290
21/08/2015;27090
20/08/2015;26723
19/08/2015;26084
18/08/2015;25890
17/08/2015;25924
14/08/2015;25636
13/08/2015;25763
12/08/2015;25898
11/08/2015;25323
10/08/2015;25026
07/08/2015;24796
06/08/2015;24692
05/08/2015;24545
04/08/2015;24638
03/08/2015;24696
31/07/2015;24789
30/07/2015;24739
29/07/2015;24729
28/07/2015;24768
27/07/2015;24910
24/07/2015;24729
23/07/2015;24742
22/07/2015;24688
21/07/2015;24908
20/07/2015;25042
17/07/2015;25505
16/07/2015;25774
15/07/2015;25852
14/07/2015;25934
13/07/2015;26033
10/07/2015;26071
09/07/2015;26071
08/07/2015;26222
07/07/2015;26032
06/07/2015;26335
03/07/2015;26393
02/07/2015;26024
01/07/2015;26182
30/06/2015;26301
29/06/2015;26508
26/06/2015;26399
25/06/2015;26365
24/06/2015;26418
23/06/2015;26478
22/06/2015;26589
19/06/2015;26959
18/06/2015;27031
17/06/2015;26763
16/06/2015;26831
15/06/2015;26915
12/06/2015;26773
11/06/2015;26772
10/06/2015;26850
09/06/2015;26754
08/06/2015;26693
05/06/2015;26439
04/06/2015;26564
03/06/2015;26806
02/06/2015;26856
01/06/2015;26690
29/05/2015;26866
28/05/2015;26899
27/05/2015;26900
26/05/2015;26917
25/05/2015;27180
22/05/2015;27105
21/05/2015;27130
20/05/2015;27299
19/05/2015;27309
18/05/2015;27629
15/05/2015;27473
14/05/2015;27444
13/05/2015;27539
12/05/2015;27180
11/05/2015;26853
08/05/2015;26903
07/05/2015;26951
06/05/2015;26928
05/05/2015;26852
04/05/2015;26747
01/05/2015;26483
30/04/2015;26593
29/04/2015;27096
28/04/2015;27036
27/04/2015;26944
24/04/2015;26574
23/04/2015;26777
22/04/2015;26489
21/04/2015;26803
20/04/2015;26719
17/04/2015;26702
16/04/2015;26533
15/04/2015;26644
14/04/2015;26454
13/04/2015;26616
10/04/2015;26703
09/04/2015;26452
08/04/2015;26682
07/04/2015;26829
06/04/2015;26941
02/04/2015;26548
01/04/2015;26510
31/03/2015;26061
30/03/2015;26239
27/03/2015;26564
26/03/2015;26805
25/03/2015;26491
24/03/2015;26350
23/03/2015;26208
20/03/2015;26195
19/03/2015;25970
18/03/2015;25653
17/03/2015;25635
16/03/2015;25797
14/03/2015;25922
13/03/2015;25909
12/03/2015;25690
11/03/2015;25716
10/03/2015;25960
09/03/2015;26062
06/03/2015;26058
05/03/2015;26473
04/03/2015;26539
03/03/2015;26453
02/03/2015;26541
28/02/2015;26480
27/02/2015;26206
26/02/2015;26239
25/02/2015;26142
24/02/2015;26077
23/02/2015;26178
21/02/2015;26319
20/02/2015;26317
19/02/2015;26294
18/02/2015;26181
17/02/2015;26241
16/02/2015;26742
13/02/2015;26694
12/02/2015;26635
11/02/2015;26817
10/02/2015;27016
09/02/2015;27119
06/02/2015;26968
05/02/2015;27683
04/02/2015;27814
03/02/2015;27687
02/02/2015;28071
30/01/2015;27911
29/01/2015;27470
28/01/2015;27795
27/01/2015;27934
25/01/2015;27887
23/01/2015;27884
22/01/2015;28055
21/01/2015;27992
20/01/2015;28098
19/01/2015;27718
17/01/2015;27627
16/01/2015;27673
15/01/2015;27493
14/01/2015;27210
13/01/2015;27071
12/01/2015;27032
09/01/2015;26806
08/01/2015;26808
07/01/2015;27159
06/01/2015;27385
05/01/2015;26847
02/01/2015;26700
01/01/2015;26586
31/12/2014;26594
30/12/2014;26908
29/12/2014;26598
26/12/2014;26894
24/12/2014;26433
23/12/2014;26468
22/12/2014;26458
19/12/2014;26859
18/12/2014;26659
17/12/2014;26802
16/12/2014;27044
15/12/2014;27173
12/12/2014;27088
11/12/2014;27142
10/12/2014;27054
09/12/2014;27023
08/12/2014;26228
05/12/2014;26279
04/12/2014;26488
03/12/2014;26496
02/12/2014;26224
01/12/2014;26546
28/11/2014;25853
27/11/2014;26237
26/11/2014;26397
25/11/2014;26338
24/11/2014;26473
21/11/2014;26390
20/11/2014;26459
19/11/2014;26710
18/11/2014;26587
17/11/2014;26319
16/11/2014;26411
14/11/2014;26458
13/11/2014;25827
12/11/2014;25794
11/11/2014;25793
10/11/2014;25719
07/11/2014;25926
06/11/2014;25467
05/11/2014;25348
04/11/2014;25810
03/11/2014;25868
31/10/2014;25924
30/10/2014;26376
29/10/2014;26864
28/10/2014;26909
27/10/2014;27008
24/10/2014;26963
23/10/2014;26940
22/10/2014;27333
21/10/2014;27394
20/10/2014;27302
17/10/2014;27151
16/10/2014;27328
14/10/2014;27128
13/10/2014;26855
10/10/2014;26855
09/10/2014;26847
08/10/2014;26633
07/10/2014;26673
06/10/2014;26637
05/10/2014;26424
03/10/2014;26439
01/10/2014;26790
30/09/2014;26805
29/09/2014;26819
27/09/2014;26693
26/09/2014;26694
25/09/2014;26919
24/09/2014;26552
23/09/2014;26682
22/09/2014;26605
19/09/2014;26497
18/09/2014;26659
17/09/2014;26907
16/09/2014;26954
15/09/2014;27006
13/09/2014;26900
12/09/2014;26909
11/09/2014;26996
10/09/2014;27194
09/09/2014;27272
08/09/2014;27207
05/09/2014;27225
04/09/2014;27282
03/09/2014;27355
02/09/2014;27340
01/09/2014;27679
29/08/2014;27794
28/08/2014;27884
27/08/2014;27599
26/08/2014;27720
25/08/2014;27632
22/08/2014;27634
21/08/2014;27599
20/08/2014;28079
19/08/2014;28124
18/08/2014;28167
14/08/2014;28489
13/08/2014;28567
12/08/2014;28641
11/08/2014;28554
10/08/2014;28510
08/08/2014;28515
07/08/2014;28695
06/08/2014;28559
05/08/2014;28392
04/08/2014;27952
01/08/2014;28037
31/07/2014;27788
30/07/2014;27936
29/07/2014;27855
28/07/2014;27909
27/07/2014;27960
25/07/2014;27973
24/07/2014;27651
23/07/2014;27915
22/07/2014;27939
21/07/2014;28120
20/07/2014;28030
18/07/2014;28028
17/07/2014;28237
16/07/2014;27767
15/07/2014;27752
14/07/2014;27860
13/07/2014;28413
12/07/2014;28413
11/07/2014;28441
10/07/2014;28565
09/07/2014;27667
08/07/2014;27594
07/07/2014;27564
04/07/2014;27913
03/07/2014;27802
02/07/2014;27788
01/07/2014;27975
30/06/2014;28076
27/06/2014;28063
26/06/2014;28126
25/06/2014;28221
24/06/2014;28167
23/06/2014;28111
20/06/2014;28154
19/06/2014;28160
18/06/2014;27353
17/06/2014;27418
16/06/2014;27395
13/06/2014;27235
12/06/2014;27014
11/06/2014;26736
10/06/2014;26712
09/06/2014;26545
06/06/2014;26400
05/06/2014;26771
04/06/2014;26708
03/06/2014;26732
02/06/2014;26626
30/05/2014;27151
29/05/2014;26984
28/05/2014;26987
27/05/2014;27087
26/05/2014;27586
23/05/2014;27528
22/05/2014;27386
21/05/2014;27501
20/05/2014;28424
19/05/2014;28336
16/05/2014;28322
15/05/2014;28624
14/05/2014;28911
13/05/2014;28673
12/05/2014;28860
09/05/2014;28741
08/05/2014;28734
07/05/2014;28747
06/05/2014;29109
05/05/2014;29967
02/05/2014;30182
01/05/2014;30380
30/04/2014;31014
29/04/2014;29713
28/04/2014;29824
27/04/2014;29695
25/04/2014;29741
23/04/2014;29752
22/04/2014;29423
21/04/2014;29548
19/04/2014;29339
17/04/2014;29293
16/04/2014;29290
15/04/2014;29342
14/04/2014;29350
11/04/2014;29085
10/04/2014;29094
09/04/2014;28710
08/04/2014;28754
07/04/2014;28574
05/04/2014;28549
04/04/2014;28519
03/04/2014;28460
02/04/2014;28404
01/04/2014;28116
31/03/2014;28470
28/03/2014;28434
27/03/2014;28521
26/03/2014;28595
25/03/2014;28971
24/03/2014;29182
21/03/2014;29850
20/03/2014;29924
19/03/2014;30169
18/03/2014;30389
17/03/2014;30557
14/03/2014;30719
13/03/2014;30697
12/03/2014;30627
11/03/2014;30421
10/03/2014;30327
07/03/2014;30307
06/03/2014;30416
05/03/2014;32351
04/03/2014;31126
03/03/2014;32051
28/02/2014;30634
27/02/2014;30839
26/02/2014;30810
25/02/2014;30972
24/02/2014;30927
21/02/2014;30677
20/02/2014;30608
19/02/2014;30712
18/02/2014;30766
17/02/2014;30664
14/02/2014;29932
13/02/2014;29726
12/02/2014;29698
11/02/2014;29670
10/02/2014;29471
07/02/2014;29310
06/02/2014;29231
05/02/2014;29719
04/02/2014;29534
03/02/2014;29789
31/01/2014;29482
30/01/2014;29499
29/01/2014;29835
28/01/2014;29628
27/01/2014;29905
24/01/2014;29574
23/01/2014;29394
22/01/2014;29269
21/01/2014;29362
20/01/2014;29414
17/01/2014;29385
16/01/2014;29168
15/01/2014;29150
14/01/2014;29198
13/01/2014;29312
10/01/2014;29169
09/01/2014;28997
08/01/2014;28934
07/01/2014;28959
06/01/2014;29119
04/01/2014;29279
03/01/2014;29727
02/01/2014;29975
01/01/2014;29542
